<keymap version="1" name="Eclipse copy 1" parent="Eclipse">
  <action id="CheckinProject">
    <keyboard-shortcut first-keystroke="alt c" />
  </action>
  <action id="CodeCompletion">
    <keyboard-shortcut first-keystroke="alt slash" />
  </action>
  <action id="Console.Execute.Multiline" />
  <action id="Console.Jdbc.Execute" />
  <action id="DirDiffMenu.SynchronizeDiff.All" />
  <action id="EditorSplitLine" />
  <action id="HippieCompletion" />
  <action id="JupyterRunCellAction" />
  <action id="PyExecuteCellAction" />
  <action id="Run">
    <keyboard-shortcut first-keystroke="ctrl enter" />
  </action>
  <action id="ViewSource" />
</keymap>