<application>
  <component name="ProjectJdkTable">
    <jdk version="2">
      <name value="11" />
      <type value="JavaSDK" />
      <version value="java version &quot;11.0.4&quot;" />
      <homePath value="$APPLICATION_HOME_DIR$/jbr" />
      <roots>
        <classPath>
          <root type="composite">
            <root url="jrt://C:/Jmc/JetBrains/IntelliJ IDEA Community Edition 2019.2.3/jbr!/java.base" type="simple" />
            <root url="jrt://C:/Jmc/JetBrains/IntelliJ IDEA Community Edition 2019.2.3/jbr!/java.compiler" type="simple" />
            <root url="jrt://C:/Jmc/JetBrains/IntelliJ IDEA Community Edition 2019.2.3/jbr!/java.datatransfer" type="simple" />
            <root url="jrt://C:/Jmc/JetBrains/IntelliJ IDEA Community Edition 2019.2.3/jbr!/java.desktop" type="simple" />
            <root url="jrt://C:/Jmc/JetBrains/IntelliJ IDEA Community Edition 2019.2.3/jbr!/java.instrument" type="simple" />
            <root url="jrt://C:/Jmc/JetBrains/IntelliJ IDEA Community Edition 2019.2.3/jbr!/java.logging" type="simple" />
            <root url="jrt://C:/Jmc/JetBrains/IntelliJ IDEA Community Edition 2019.2.3/jbr!/java.management" type="simple" />
            <root url="jrt://C:/Jmc/JetBrains/IntelliJ IDEA Community Edition 2019.2.3/jbr!/java.management.rmi" type="simple" />
            <root url="jrt://C:/Jmc/JetBrains/IntelliJ IDEA Community Edition 2019.2.3/jbr!/java.naming" type="simple" />
            <root url="jrt://C:/Jmc/JetBrains/IntelliJ IDEA Community Edition 2019.2.3/jbr!/java.net.http" type="simple" />
            <root url="jrt://C:/Jmc/JetBrains/IntelliJ IDEA Community Edition 2019.2.3/jbr!/java.prefs" type="simple" />
            <root url="jrt://C:/Jmc/JetBrains/IntelliJ IDEA Community Edition 2019.2.3/jbr!/java.rmi" type="simple" />
            <root url="jrt://C:/Jmc/JetBrains/IntelliJ IDEA Community Edition 2019.2.3/jbr!/java.scripting" type="simple" />
            <root url="jrt://C:/Jmc/JetBrains/IntelliJ IDEA Community Edition 2019.2.3/jbr!/java.se" type="simple" />
            <root url="jrt://C:/Jmc/JetBrains/IntelliJ IDEA Community Edition 2019.2.3/jbr!/java.security.jgss" type="simple" />
            <root url="jrt://C:/Jmc/JetBrains/IntelliJ IDEA Community Edition 2019.2.3/jbr!/java.security.sasl" type="simple" />
            <root url="jrt://C:/Jmc/JetBrains/IntelliJ IDEA Community Edition 2019.2.3/jbr!/java.smartcardio" type="simple" />
            <root url="jrt://C:/Jmc/JetBrains/IntelliJ IDEA Community Edition 2019.2.3/jbr!/java.sql" type="simple" />
            <root url="jrt://C:/Jmc/JetBrains/IntelliJ IDEA Community Edition 2019.2.3/jbr!/java.sql.rowset" type="simple" />
            <root url="jrt://C:/Jmc/JetBrains/IntelliJ IDEA Community Edition 2019.2.3/jbr!/java.transaction.xa" type="simple" />
            <root url="jrt://C:/Jmc/JetBrains/IntelliJ IDEA Community Edition 2019.2.3/jbr!/java.xml" type="simple" />
            <root url="jrt://C:/Jmc/JetBrains/IntelliJ IDEA Community Edition 2019.2.3/jbr!/java.xml.crypto" type="simple" />
            <root url="jrt://C:/Jmc/JetBrains/IntelliJ IDEA Community Edition 2019.2.3/jbr!/javafx.base" type="simple" />
            <root url="jrt://C:/Jmc/JetBrains/IntelliJ IDEA Community Edition 2019.2.3/jbr!/javafx.controls" type="simple" />
            <root url="jrt://C:/Jmc/JetBrains/IntelliJ IDEA Community Edition 2019.2.3/jbr!/javafx.fxml" type="simple" />
            <root url="jrt://C:/Jmc/JetBrains/IntelliJ IDEA Community Edition 2019.2.3/jbr!/javafx.graphics" type="simple" />
            <root url="jrt://C:/Jmc/JetBrains/IntelliJ IDEA Community Edition 2019.2.3/jbr!/javafx.media" type="simple" />
            <root url="jrt://C:/Jmc/JetBrains/IntelliJ IDEA Community Edition 2019.2.3/jbr!/javafx.swing" type="simple" />
            <root url="jrt://C:/Jmc/JetBrains/IntelliJ IDEA Community Edition 2019.2.3/jbr!/javafx.web" type="simple" />
            <root url="jrt://C:/Jmc/JetBrains/IntelliJ IDEA Community Edition 2019.2.3/jbr!/jdk.accessibility" type="simple" />
            <root url="jrt://C:/Jmc/JetBrains/IntelliJ IDEA Community Edition 2019.2.3/jbr!/jdk.aot" type="simple" />
            <root url="jrt://C:/Jmc/JetBrains/IntelliJ IDEA Community Edition 2019.2.3/jbr!/jdk.attach" type="simple" />
            <root url="jrt://C:/Jmc/JetBrains/IntelliJ IDEA Community Edition 2019.2.3/jbr!/jdk.charsets" type="simple" />
            <root url="jrt://C:/Jmc/JetBrains/IntelliJ IDEA Community Edition 2019.2.3/jbr!/jdk.compiler" type="simple" />
            <root url="jrt://C:/Jmc/JetBrains/IntelliJ IDEA Community Edition 2019.2.3/jbr!/jdk.crypto.cryptoki" type="simple" />
            <root url="jrt://C:/Jmc/JetBrains/IntelliJ IDEA Community Edition 2019.2.3/jbr!/jdk.crypto.ec" type="simple" />
            <root url="jrt://C:/Jmc/JetBrains/IntelliJ IDEA Community Edition 2019.2.3/jbr!/jdk.dynalink" type="simple" />
            <root url="jrt://C:/Jmc/JetBrains/IntelliJ IDEA Community Edition 2019.2.3/jbr!/jdk.httpserver" type="simple" />
            <root url="jrt://C:/Jmc/JetBrains/IntelliJ IDEA Community Edition 2019.2.3/jbr!/jdk.internal.ed" type="simple" />
            <root url="jrt://C:/Jmc/JetBrains/IntelliJ IDEA Community Edition 2019.2.3/jbr!/jdk.internal.jvmstat" type="simple" />
            <root url="jrt://C:/Jmc/JetBrains/IntelliJ IDEA Community Edition 2019.2.3/jbr!/jdk.internal.le" type="simple" />
            <root url="jrt://C:/Jmc/JetBrains/IntelliJ IDEA Community Edition 2019.2.3/jbr!/jdk.internal.vm.ci" type="simple" />
            <root url="jrt://C:/Jmc/JetBrains/IntelliJ IDEA Community Edition 2019.2.3/jbr!/jdk.internal.vm.compiler" type="simple" />
            <root url="jrt://C:/Jmc/JetBrains/IntelliJ IDEA Community Edition 2019.2.3/jbr!/jdk.internal.vm.compiler.management" type="simple" />
            <root url="jrt://C:/Jmc/JetBrains/IntelliJ IDEA Community Edition 2019.2.3/jbr!/jdk.jdi" type="simple" />
            <root url="jrt://C:/Jmc/JetBrains/IntelliJ IDEA Community Edition 2019.2.3/jbr!/jdk.jdwp.agent" type="simple" />
            <root url="jrt://C:/Jmc/JetBrains/IntelliJ IDEA Community Edition 2019.2.3/jbr!/jdk.jfr" type="simple" />
            <root url="jrt://C:/Jmc/JetBrains/IntelliJ IDEA Community Edition 2019.2.3/jbr!/jdk.jsobject" type="simple" />
            <root url="jrt://C:/Jmc/JetBrains/IntelliJ IDEA Community Edition 2019.2.3/jbr!/jdk.localedata" type="simple" />
            <root url="jrt://C:/Jmc/JetBrains/IntelliJ IDEA Community Edition 2019.2.3/jbr!/jdk.management" type="simple" />
            <root url="jrt://C:/Jmc/JetBrains/IntelliJ IDEA Community Edition 2019.2.3/jbr!/jdk.management.agent" type="simple" />
            <root url="jrt://C:/Jmc/JetBrains/IntelliJ IDEA Community Edition 2019.2.3/jbr!/jdk.management.jfr" type="simple" />
            <root url="jrt://C:/Jmc/JetBrains/IntelliJ IDEA Community Edition 2019.2.3/jbr!/jdk.naming.dns" type="simple" />
            <root url="jrt://C:/Jmc/JetBrains/IntelliJ IDEA Community Edition 2019.2.3/jbr!/jdk.naming.rmi" type="simple" />
            <root url="jrt://C:/Jmc/JetBrains/IntelliJ IDEA Community Edition 2019.2.3/jbr!/jdk.net" type="simple" />
            <root url="jrt://C:/Jmc/JetBrains/IntelliJ IDEA Community Edition 2019.2.3/jbr!/jdk.pack" type="simple" />
            <root url="jrt://C:/Jmc/JetBrains/IntelliJ IDEA Community Edition 2019.2.3/jbr!/jdk.scripting.nashorn" type="simple" />
            <root url="jrt://C:/Jmc/JetBrains/IntelliJ IDEA Community Edition 2019.2.3/jbr!/jdk.scripting.nashorn.shell" type="simple" />
            <root url="jrt://C:/Jmc/JetBrains/IntelliJ IDEA Community Edition 2019.2.3/jbr!/jdk.sctp" type="simple" />
            <root url="jrt://C:/Jmc/JetBrains/IntelliJ IDEA Community Edition 2019.2.3/jbr!/jdk.security.auth" type="simple" />
            <root url="jrt://C:/Jmc/JetBrains/IntelliJ IDEA Community Edition 2019.2.3/jbr!/jdk.security.jgss" type="simple" />
            <root url="jrt://C:/Jmc/JetBrains/IntelliJ IDEA Community Edition 2019.2.3/jbr!/jdk.unsupported" type="simple" />
            <root url="jrt://C:/Jmc/JetBrains/IntelliJ IDEA Community Edition 2019.2.3/jbr!/jdk.xml.dom" type="simple" />
            <root url="jrt://C:/Jmc/JetBrains/IntelliJ IDEA Community Edition 2019.2.3/jbr!/jdk.zipfs" type="simple" />
          </root>
        </classPath>
        <sourcePath>
          <root type="composite" />
        </sourcePath>
      </roots>
      <additional />
    </jdk>
    <jdk version="2">
      <name value="Python 3.8" />
      <type value="Python SDK" />
      <version value="Python 3.8.5" />
      <homePath value="C:\Users\Jmc\AppData\Local\Microsoft\WindowsApps\python.exe" />
      <roots>
        <classPath>
          <root type="composite">
            <root url="file://C:/Program Files/WindowsApps/PythonSoftwareFoundation.Python.3.8_3.8.1520.0_x64__qbz5n2kfra8p0/DLLs" type="simple" />
            <root url="file://C:/Program Files/WindowsApps/PythonSoftwareFoundation.Python.3.8_3.8.1520.0_x64__qbz5n2kfra8p0/Lib" type="simple" />
            <root url="file://$USER_HOME$/AppData/Local/Microsoft/WindowsApps/PythonSoftwareFoundation.Python.3.8_qbz5n2kfra8p0" type="simple" />
            <root url="file://$USER_HOME$/AppData/Local/Packages/PythonSoftwareFoundation.Python.3.8_qbz5n2kfra8p0/LocalCache/local-packages/Python38/site-packages" type="simple" />
            <root url="file://C:/Program Files/WindowsApps/PythonSoftwareFoundation.Python.3.8_3.8.1520.0_x64__qbz5n2kfra8p0" type="simple" />
            <root url="file://C:/Program Files/WindowsApps/PythonSoftwareFoundation.Python.3.8_3.8.1520.0_x64__qbz5n2kfra8p0/Lib/site-packages" type="simple" />
            <root url="file://$USER_HOME$/AppData/Local/JetBrains/PyCharmCE2020.2/python_stubs/77409169" type="simple" />
            <root url="file://$APPLICATION_HOME_DIR$/plugins/python-ce/helpers/python-skeletons" type="simple" />
            <root url="file://D:/Programs/Projects/PycharmProjects/PythonTest/src" type="simple" />
            <root url="file://$APPLICATION_HOME_DIR$/plugins/python-ce/helpers/typeshed/stdlib/3.7" type="simple" />
            <root url="file://$APPLICATION_HOME_DIR$/plugins/python-ce/helpers/typeshed/stdlib/3" type="simple" />
            <root url="file://$APPLICATION_HOME_DIR$/plugins/python-ce/helpers/typeshed/stdlib/2and3" type="simple" />
            <root url="file://$APPLICATION_HOME_DIR$/plugins/python-ce/helpers/typeshed/third_party/3" type="simple" />
            <root url="file://$APPLICATION_HOME_DIR$/plugins/python-ce/helpers/typeshed/third_party/2and3" type="simple" />
          </root>
        </classPath>
        <sourcePath>
          <root type="composite" />
        </sourcePath>
      </roots>
      <additional>
        <PATHS_ADDED_BY_USER_ROOT PATH_ADDED_BY_USER="file://D:/Programs/Projects/PycharmProjects/PythonTest/src" />
      </additional>
    </jdk>
  </component>
</application>